aasm,C0425488
aatd,C0743482
abcess,C1313921
abdomen,C0740844
abdomina,C1313921
abdominal,C0000737
abducen,C0030552
abga,C0425488
aborted,C0156543
about,C0233481
abp,C0149746
abpi,C0006318
abruptio,C0860096
abruption,C0019080
abscond,C0438696
abstain,C0424092
abstainer,C0337672
abuse,C0237154
abused,C0438696
acaid,C0241526
acanthosis,C0019572
accelerometry,C0205254
accentuation,C0541911
accidental,C0008301
accidentally,C0008301
accidently,C0008301
accordion,C0857516
accreta,C0006157
acetazolamide,C0026961
acetylcholinesterase,C0234238
achalasium,C1321756
acidosis,C0020649
acneiform,C0041834
actthe,C0205254
acupuncture,C0030193
acyanotic,C0010520
adamss,C0085606
addict,C0438696
adenosis,C0741302
adhesiveness,C1269955
adiposity,C0497406
adl,C0871754
administration,C0728899
administrationwashingtonu,C0376405
adolescent,C0497406
adr,C0559546
adrs,C0559546
adverse,C0027497
ae,C0559546
aeeg,C0036572
aerobic,C0205254
aes,C0027497
af,C0232201
afebrile,C0424749
affectation,C0234133
affected,C0231221
affection,C0233844
affliction,C0742985
afib,C0232201
aflatoxicosis,C0011991
afraid,C0233481
aganglionosis,C1321756
aged,C0497406
agerelated,C0338656
aggravation,C0033774
aggregability,C0149746
aggressiveness,C1269955
agitate,C0085631
agm,C0016927
agnor,C0741302
agonal,C0020578
agony,C0558261
agoraphobia,C0030318
agoraphobic,C0030318
agrammatic,C0233647
agranulocytosis,C0559546
ahc,C0036572
ahi,C0700292
aion,C0085635
airspace,C0743482
airways,C0043144
ajmaline,C0039070
ajog,C0006157
ajrccm,C0425488
ajvr,C0311395
aki,C0020625
akinesis,C0520887
akinesium,C0037763
akinetic,C0234133
alat,C0239981
albuginea,C0241158
albumin,C0239981
alcoholic,C0728899
alertness,C0234450
alimentation,C0149696
alive,C0424092
alkalization,C0235396
alkalosis,C0700292
allay,C0233481
alleviation,C0742985
alloantibody,C0427629
allodynic,C0423571
alloimmunization,C0427629
alright,C0847488
alt,C1096646
alterations,C0347938
alternan,C0232201
alveolar,C0743482
alveolarization,C0743482
alveolitis,C0743482
ambidextrous,C0002416
ambulant,C0871754
ambulate,C0425251
ambulation,C0425251
ambulatory,C0871754
amenorrhea,C0019572
amenorrhoea,C0600142
amperase,C0231690
amtsl,C0006157
amuse,C0847488
amyotrophy,C0004134
anaesthindian,C0020649
anamnesis,C0149758
anaphylactic,C0559546
anaphylactoid,C0559546
anaphylaxi,C0559546
anaphylaxis,C0149696
anaplasium,C0741302
anasarca,C0032617
anchorage,C1269955
androgenetic,C0019572
anecdotally,C0028084
anergic,C0241526
anergy,C0241526
angina,C0039070
anginal,C0520887
angioedema,C0033774
angiogenesis,C1269955
angiogenesiscancer,C1269955
angiokeratoma,C0332573
anguage,C0233647
anguish,C0558261
anhedonia,C0424230
anhidrosis,C0030554
anisocorium,C0085628
annoy,C0847488
annoyance,C0034880
annoyed,C0558261
annoying,C0234450
anoiki,C1269955
anoikis,C1269955
anorexic,C0043094
anosmic,C0003126
anosmium,C0040264
anosognosium,C0338656
anovulation,C0235250
anoxia,C0020440
antedate,C0240805
antenatal,C0860096
antepartum,C0860096
anteroseptal,C0520886
anthracosis,C0034079
anthropometric,C0205254
anthropometry,C0497406
anti,C0746619
antibody,C0746619
antibodyj,C0746619
antidiuretic,C0020625
antidromic,C0231530
antiepileptic,C0036572
antiphase,C0542044
antisocial,C0438696
antzelevitch,C0232201
anurium,C0231187
anxiety,C0030318
anxious,C0234450
aod,C0237154
aortocaval,C0264576
apathy,C0233565
aperiodic,C0542044
apgar,C0576456
apmr,C0024031
apnea,C0232118
apneaam,C0037384
apneic,C0039070
apnoea,C0751229
apparition,C0240805
appearance,C0038999
appet,C0020175
appetite,C0027769
appetizing,C0020175
apprehension,C0233481
apraxium,C0233844
areflexium,C0234133
arrhythmia,C0039070
arrhythmias,C0039070
arrhythmic,C0232201
arrhythmium,C0428977
arthralgium,C0019214
articleacute,C1096646
asat,C0239981
asbestosis,C0743482
ascite,C0038002
ascitic,C0003962
ascitis,C0020639
ashamed,C0847488
asleep,C0234450
asmi,C0497406
aspecific,C0277977
asphyxia,C0019080
assistive,C0871754
associated,C0004604
assr,C0040264
ast,C0239981
asystole,C0232201
ataxic,C0233565
atelectasis,C0038450
atelectatic,C0264576
atonic,C0030554
atonium,C0040822
atony,C0006157
atrioventricular,C0232201
atrophic,C0205400
atrophy,C0221198
atropine,C0026961
attack,C0728899
attempt,C1299586
attempter,C0438696
atypium,C0741302
audibility,C0034880
audiogenic,C0036572
audiogram,C0034880
audiological,C0034880
audiology,C0034880
audiometric,C0040264
audiometry,C0034880
auditory,C0040264
auris,C0038450
auscultation,C0232118
auscultatory,C0232118
authorid,C0085606
automatism,C0030552
autosomal,C0004134
autotaxin,C1269955
avascular,C0241158
avb,C0232201
avid,C0034079
avj,C0232201
avl,C0520886
awake,C0041657
awaken,C0234450
awakening,C0037384
awe,C0859032
awful,C0028084
awn,C0859032
azoor,C0085635
azotemia,C0028961
babinski,C0151315
bacteriologically,C0032739
bad,C0847488
badl,C0338656
baldness,C0019572
bariatric,C0497406
baroreflex,C0149746
baroreﬂex,C0149746
barotrauma,C0038450
barthel,C0871754
bartter,C0032617
bazett,C0428977
bche,C0234238
beading,C0038999
beat,C0240100
beauty,C0917801
bedside,C0578150
beighton,C0018862
belief,C0233481
benignity,C0741302
bereaved,C0438696
berh,C0024031
beriberi,C0020621
bevirimat,C0016927
bicarbonate,C0020461
bicycling,C0205254
big,C0847488
bilateral,C0030552
bili,C0018932
bilious,C1291077
bilirubin,C0239981
biloma,C1313921
binging,C0020175
biomechanical,C0427008
bispectral,C0425488
bistable,C0542044
bitemporal,C1273573
bitten,C0037383
biventricular,C0232201
bladder,C0242453
bladderj,C0242453
blame,C0233481
blaschko,C0332573
bleed,C0016382
bleeding,C0020649
blepharoptosis,C0026961
bless,C0558261
bleuler,C0007398
blister,C0013491
bloat,C0042963
bloated,C0008301
bloating,C0018834
blond,C0332573
bloody,C0231218
blotch,C0241157
blow,C0008301
blues,C0028084
blur,C0085635
blurry,C0085636
blush,C0694547
bmi,C0497406
bmiz,C0041667
bmus,C0041667
bodily,C0858924
body,C0003123
bodyweight,C0043094
boerhaave,C0232602
boly,C0041657
boo,C0242453
bore,C0558261
boredom,C0233481
borg,C0848168
borna,C0240805
bother,C0558261
bothersome,C0018834
bout,C0205254
bowels,C0581912
boy,C0497406
bpe,C0019572
bph,C0242453
bpm,C0240100
bpobgyn,C0006157
bppv,C0423571
bpsd,C0234133
bradyarrhythmia,C0020461
bradycardic,C0149746
bradycardium,C0020461
bradykinesium,C0872410
breath,C0020578
breathe,C0020578
breather,C0038450
breathing,C0232118
breathless,C0008301
breathlessness,C0038450
breech,C0006157
brisk,C0205254
bronchiectasis,C0743482
bronchiectatic,C0743482
bronchiolar,C0743482
bronchoconstriction,C0020578
bronchogram,C0034642
brs,C0024031
bruise,C0041834
bruising,C0003862
brunnstrom,C0233565
bruxism,C0149758
buche,C0234238
bulbar,C0004134
bulimia,C0003123
bulimic,C0030318
bulimium,C0030318
bulla,C0038999
bullae,C0038999
bullock,C0554980
bully,C0438696
bun,C0239981
burning,C0677500
busy,C0857256
butcher,C0554980
buttock,C0332573
butyrylcholinesterase,C0234238
bw,C0043094
bza,C0600142
cadr,C0559546
caesarean,C0156543
caesarian,C0860096
calcification,C0205400
calciﬁcation,C0427008
calciﬁcations,C0221198
calculi,C1313921
calm,C0847488
calming,C0917801
calmness,C0917801
caloric,C0043094
calorie,C0043094
calyceal,C1313921
cancerization,C0741302
canptcphysiotherapy,C0024031
capacity,C0392674
capillarity,C0427008
capsid,C0016927
capsulitis,C0036396
carbetocin,C0006157
cardiogenic,C0039070
cardiogram,C0520887
cardiologic,C0039070
cardiological,C0039070
cardiometabolic,C0497406
cardiopathy,C0018991
cardiorespiratory,C0205254
cardiotocography,C0006157
cardiovagal,C0149746
cardioversion,C0232201
carecritical,C0578150
case,C0221198
catamenial,C0235250
cataplexy,C0234133
catarrhal,C0424749
catatonic,C0234133
catatonium,C0234133
cathartic,C0016204
cavotricuspid,C0232201
cbfv,C0149746
ccam,C0264576
ccot,C0741302
cdmr,C0006157
cellulite,C0013491
centile,C0041667
centrilobular,C0743482
cephalalgia,C0037763
cephalic,C0006157
cephalopelvic,C0006157
cerclage,C0006157
cervicogenic,C0018681
cesarean,C0006157
cfae,C0232201
cffdna,C0427629
cfs,C0015672
chac,C0004134
chalky,C0443260
chancre,C0241157
chaotic,C0542044
chase,C0231441
chatter,C0037383
checkcif,C0231872
cheer,C0028084
cheerful,C0847488
chemoinvasion,C1269955
chemoreflex,C0020440
chemoresistance,C1269955
chemosis,C0026961
chest,C0010200
chew,C0013132
chewer,C0337672
chewing,C0013132
childbearing,C0156543
childbirth,C0156543
chingford,C0018862
chiropr,C0024031
chiropractic,C0024031
chiropractor,C0024031
cholinesterase,C0234238
chondron,C0241158
chorea,C0037763
choreoathetosis,C0013362
chronification,C0240805
chronobiology,C0751229
chronotype,C0751229
chyle,C1313921
chylous,C1313921
cigarette,C0337672
cih,C0020440
cinca,C0003862
cipn,C0030554
cipo,C1321756
circling,C0242143
circumference,C0497406
clasping,C0242143
claudication,C0039070
claudius,C0221232
clbp,C0036396
clench,C0872410
clenching,C0040822
climacteric,C0600142
clinically,C0231221
clod,C0443260
clonic,C0040822
clouding,C0085636
cloudy,C0443260
cloze,C0233647
clubbing,C0694547
clumsy,C0242143
cmep,C0231530
cmmc,C0231530
cmrglc,C0347938
cmt,C0004134
cncp,C0024031
coagulated,C0443260
coagulopathy,C0020649
coagulum,C0443260
coch,C0003126
coercive,C0438696
cognition,C0338656
cognitive,C0338656
cognitively,C0871754
coherent,C0542044
coherently,C0542044
coitus,C0156543
cold,C0085593
coldness,C0085624
colic,C0011991
colicky,C0009806
collapse,C0085639
collapsed,C0264576
collapsibility,C0425488
colloquial,C0233647
coma,C0030232
comatose,C0085628
comedo,C0741302
comedone,C0241157
commence,C0424092
commencement,C0424092
communicationthe,C0233844
comorbidities,C0018991
complain,C0220870
complaint,C0015672
complexion,C0030232
complication,C0019080
compromising,C0742985
concern,C0233481
concerned,C0233481
condition,C0085631
confused,C0857256
congestion,C0030232
congestive,C0002962
congresslondon,C0236018
conjunctivitis,C0085636
conscious,C0041657
consciousness,C0151315
constipated,C0232602
constriction,C0205400
consulter,C0024031
consumption,C0043094
contraception,C0156543
contraceptive,C0239301
contractility,C0427008
contraction,C0231530
contracture,C0037763
contraindication,C0559546
convalescence,C1517205
convulsion,C0020649
convulsive,C0085628
coo,C0859032
cool,C0085593
coomb,C0427629
coombe,C0554980
copious,C0443260
coreceptor,C0016927
correctional,C0237154
corrugator,C0231530
coryza,C0037383
cotinine,C0337672
counterweight,C0497406
cpap,C0700292
cpeo,C0004134
cpet,C0425488
cpfe,C0743482
cpsp,C0392699
cpth,C0040264
crackle,C0231890
cram,C0859032
cramp,C0027497
cramping,C0037763
creamy,C0443260
creatinin,C0028961
creatinine,C0239981
crepitation,C0232118
crepitus,C0013491
cricopharyngeal,C1321756
crime,C0237154
criminal,C0438696
criminality,C0438696
crocker,C0554980
crossmark,C0007859
crossmatch,C0427629
croup,C0038450
crp,C0239981
crps,C0423571
crust,C0241157
crusted,C0041834
crusting,C0041834
crutch,C0425251
cry,C0027769
csnb,C0085635
ctlp,C0741302
ctth,C0036396
cupping,C0423571
curtailment,C0020175
curvature,C0427008
cushingoid,C0003123
cutaneous,C0041834
cva,C0085619
cvcc,C0008301
cwp,C0024031
cxr,C0034642
cyanotic,C0018800
cyclopentolate,C0026961
cycloplegic,C0026961
cycloplegium,C0026961
cyst,C0221198
cystitis,C0242453
cystogram,C1313921
cystography,C1313921
cytologic,C0741302
cytological,C0741302
cytologically,C0741302
cytomorphological,C0741302
cytomorphology,C0741302
cytopathologic,C0741302
cytopathological,C0741302
cytopathology,C0741302
cytopenia,C0038002
dactylitis,C0003862
damaged,C0241158
damages,C0728899
damn,C0859032
dampness,C0043144
darken,C0443260
darkening,C0443260
daytime,C0037384
dbhl,C0034880
dbpcfc,C0149696
dcmd,C0231530
deafness,C0004134
debilitate,C0742985
debility,C0012833
decannulation,C0038450
decline,C0085639
decompensate,C0231187
decondition,C0392674
deconditioning,C0149746
decremental,C0231530
defaecation,C0013428
defecation,C1291077
deficit,C0338656
deficits,C0338656
deformability,C0427008
degeneration,C0004134
deglutition,C0013132
dehiscence,C0008767
delight,C0558261
delinquent,C0438696
delirious,C0085628
delivew,C0006157
demeester,C0018834
demented,C0338656
denervation,C0231530
denudation,C0241158
denuded,C0241158
deoxygenation,C0020440
depiction,C0429562
depigmented,C0332573
deposition,C0205400
depressive,C0030318
deprivation,C0020175
derange,C0239981
deranged,C0239981
derangement,C0231187
derecruitment,C0020440
deren,C0221232
dermatitis,C0033774
dermatologic,C0033774
dermatomal,C0030554
dermatome,C0030554
dermatopathologist,C0741302
desaturation,C0010520
desmoplasium,C0741302
desquamation,C0085624
desquamative,C0241157
destructive,C0008767
detach,C0424092
deteriorated,C1273573
deterioration,C0231187
determiner,C0233647
detrusor,C0242453
dexterity,C0233844
dextrocardium,C0264576
deﬁcit,C0338656
deﬁcits,C0234133
deﬂation,C0149746
dfus,C0023222
diagnose,C0231221
diagnoses,C0007398
diaphoresis,C0231218
diaphragmatic,C0038450
diarrhoea,C0424749
diarrhoeal,C0011991
diaschisis,C0347938
die,C0424092
diet,C0043094
dietetic,C0497406
dieting,C0497406
difficultly,C1299586
diffuse,C0205400
difﬁculties,C1299586
difﬁculty,C1299586
dilatation,C0037763
dilate,C0205400
dilated,C0018800
dilation,C0205400
dili,C0559546
dilutional,C0020625
dimple,C0038999
diplegium,C0030552
diplopium,C0013362
dipper,C0149746
disability,C0024031
disabled,C0425251
disadvantage,C1299586
disagree,C0847488
disappointed,C0847488
disappointment,C0233481
discard,C0424092
discitis,C0036396
discogenic,C0024031
discography,C0036396
discoloration,C0085624
discomfort,C0027497
discontinuation,C1517205
discontinue,C0424092
diseasea,C0004604
diseased,C0241158
disfigurement,C0742985
disfunction,C0231187
dislike,C0847488
disorder,C0007398
disorders,C0234133
disorganisation,C0233467
disorganization,C0205400
disorientation,C0233844
disoriented,C0857256
disproportion,C0006157
disproportionality,C0559546
disputation,C0233647
dissatisfaction,C0233481
dissatisfied,C0847488
dissatisfy,C0847488
dissatisﬁed,C0847488
dissemination,C1269955
dissociative,C0030318
distended,C0740844
distensibility,C0427008
distension,C0016382
distention,C0042963
distractibility,C0338656
distress,C0030193
distressed,C0857256
distressing,C0028084
disturbance,C0742985
disturbing,C0233481
diuresis,C0020461
diuretic,C0020621
divisive,C0542044
dizzy,C0847488
dka,C0032617
dlco,C0013404
dlt,C0231187
dnic,C0040264
donors,C0427629
doppler,C0006318
doze,C0027769
dpoa,C0034880
dpoae,C0040264
dqa,C0281825
dream,C0028084
dren,C0043144
dribble,C0581912
drinker,C0205254
droop,C0028643
drop,C0085639
drown,C0008301
drowning,C0008301
drowsy,C0872410
drplum,C0004134
dryness,C0033774
duodenitis,C0018932
dupuytren,C0018862
dysarthric,C0233844
dysarthrium,C0004134
dysautonomium,C0004134
dysconnectivity,C0338656
dysentery,C0424749
dysesthesium,C0042571
dysfunction,C0231187
dysgeusium,C0085636
dyskaryosis,C0741302
dyskinesia,C0040822
dyskinesium,C0040822
dysmenorrhea,C0016204
dysmenorrhoea,C0019572
dysmetrium,C0234133
dysmotility,C0009806
dyspareunium,C0232726
dyspepsia,C0016204
dyspeptic,C0018834
dysphagia,C0042963
dysphagic,C0013132
dysphasium,C0234133
dysphonium,C0013132
dysplastic,C0741302
dyspneic,C0008033
dyspnoea,C0043144
dyspraxium,C0013362
dysreflexium,C0030552
dysrhythmia,C0020621
dysrhythmium,C0028961
dysthymia,C0022107
dystocium,C0311395
dystonia,C0013362
dystonic,C0233565
dystonium,C0233565
dystrophy,C0004134
dysurium,C0000737
ease,C1299586
eating,C0497406
eave,C0558261
ebrb,C0497406
ecchymose,C0332575
ecg,C0520886
echocardiogram,C0232257
eclampsia,C0860096
eclampsium,C0860096
eclamptic,C0860096
ectropion,C0008767
eczematous,C0241157
edema,C0038999
edematous,C0205400
edh,C0019080
effacement,C0205400
effusion,C0424749
ehh,C0281825
ehmtic,C0018681
ehrlich,C0003962
ejaculation,C1384606
ejaculatory,C1384606
ekg,C0018800
elastic,C0427008
elasticity,C0427008
elated,C0424230
elder,C0871754
elderly,C0871754
elders,C0871754
electively,C0578150
electrocardiogram,C0520886
electrocardiographic,C0039070
electrocardiography,C0240100
electroencephalogram,C0041657
electroencephalograph,C0041657
electrogram,C0232201
electrographic,C0036572
electrolyte,C0020639
electromyogram,C0231530
electromyographic,C0231530
electromyography,C0231530
electrophysiologic,C0231530
electrostimulation,C0231530
elevation,C0020621
ellar,C0234133
emaciated,C0000731
emaciation,C0016204
emanation,C0038990
embarrass,C0847488
embarrassed,C0847488
embarrassment,C0233481
embolism,C0019080
embolus,C0019080
emergently,C0578150
emesis,C0011991
emetic,C0232602
emg,C0231530
emmons,C0554980
emmprin,C1269955
emphysema,C0743482
emphysemaam,C0743482
emphysematous,C0743482
emptiness,C0028084
emptying,C0009806
emt,C1269955
encephalomyopathy,C0004134
endocrinal,C0149696
endocrinologic,C0019572
endocrinopathy,C0019572
endometroid,C0741302
endstage,C0018991
engorgement,C0016382
enlarged,C0205400
enlargement,C0221198
enteric,C0011991
enteritis,C0011991
enterocutaneous,C1313921
enteropathy,C0011991
env,C0016927
envelope,C0016927
eosinophilia,C0038002
epap,C0425488
epicondylalgium,C0036396
epicondylitis,C0024031
epigastric,C0042963
epigastrium,C0232726
epiglottic,C0038450
epilepsia,C0036572
epileptic,C0036572
epilepticus,C0036572
epileptiform,C0036572
epileptogenesis,C0036572
epileptogenicity,C0036572
epineurium,C0241158
epiphenomena,C0240805
epiphenomenon,C0240805
epiphora,C0085636
episcleritis,C0003862
episiotomy,C0006157
episode,C0424749
episodically,C0022107
epistaxi,C0232726
epistaxis,C0018932
epithelialization,C0241158
epithelialize,C0241158
epithelization,C0241158
epitheloid,C0741302
epley,C0042571
epme,C0032739
equina,C0036396
eral,C0013362
eraser,C0233647
erectile,C0242453
erection,C1384606
erosion,C0205400
erratic,C0234450
eruption,C0041834
erythrocytosis,C0020639
erythroderma,C0332573
erythrodysesthesium,C0030554
erythromelalgium,C0042571
escalator,C0008301
eschar,C0013491
esophagogastroduodenoscopy,C0740844
esophagogram,C0740844
ess,C0037384
etc,C0008031
etiologically,C0240805
etiquette,C0037383
eunuch,C0558141
euphoria,C0028084
euphoric,C0028084
euvolemic,C0020461
eveningness,C0234450
eventration,C0264576
eversion,C0277845
evolvement,C0236018
exacerbation,C0010200
excitement,C0028084
exclude,C0424092
exclusion,C0424092
excoriation,C0332575
excruciating,C0423571
exercise,C0015672
exerciser,C0205254
exertion,C0013404
exertional,C0008033
exhausting,C0015672
exophthalmo,C0085636
expectant,C0006157
expectorate,C0010200
expectoration,C0008033
expenditure,C0043094
expiratory,C0013404
expire,C0424092
exposition,C0728899
exposure,C0728899
exsmoker,C0337672
extensibility,C0427008
extention,C0277845
extraluminal,C1313921
extrapontine,C0020625
extrapyramidal,C0040822
extrarenal,C1313921
extrasystole,C0039070
extremity,C0028643
extubate,C0522224
exudate,C0241157
exude,C0443260
eyelash,C0019572
eyesight,C0013362
fab,C0746619
fahn,C0233565
failure,C0020649
fainting,C0028084
fatiguing,C0231530
fatness,C0497406
fbf,C0149746
fbss,C0036396
fdi,C0231530
fear,C0233481
febrile,C0011991
feeble,C0872410
feedforward,C0542044
feeding,C0043094
feel,C0233481
feeling,C0233481
fetlock,C0311395
fevl,C0425488
ffi,C0234133
ffl,C0542044
ffus,C0234133
fgid,C0232602
fgm,C0156543
fhd,C0338656
fhf,C0003962
fhm,C0236018
fhr,C0006157
fibrillation,C0039070
fibrocartilage,C0241158
fibroelastosis,C0018800
fibrofatty,C0241158
fibromyalgium,C0015672
fibroplasium,C0241158
fibrotic,C0241158
fibrous,C0205400
fictive,C0231530
fingers,C0233844
firm,C0948786
fissured,C0241157
fissuring,C0241157
fist,C0872410
fistula,C1313921
fistulae,C1313921
fistulous,C1313921
flaccid,C0009024
flashback,C0028084
flatus,C0232602
fleck,C0332573
floater,C0220870
flocculent,C0443260
fluffy,C0443260
flutter,C0039070
fmu,C0860096
focal,C0205400
fog,C0013144
folliculitis,C0241157
fomite,C0037383
food,C0020175
fool,C0558261
footrot,C0311395
forceful,C0008301
forcefully,C0558261
forgetfulness,C0028084
formulaic,C0233647
fot,C0425488
foul,C0008301
fphl,C0019572
fpy,C0011991
fqr,C0520887
fraying,C0277845
freckle,C0332573
freckling,C0332573
freezing,C0085593
fretheim,C0376405
friable,C0443260
friction,C0427008
friedreich,C0004134
fright,C0917801
frighten,C0558261
frightened,C0558261
frightening,C0028084
frostbite,C0013491
froth,C0443260
frown,C0085624
frustrated,C0847488
frustration,C0233481
ftm,C0558141
fto,C0497406
fugax,C0013362
fullness,C0028643
functioning,C0338656
funny,C0847488
furosemide,C0020461
furuncle,C0041834
fusimotor,C0231530
fussiness,C0576456
fussy,C0232517
fvc,C0425488
gait,C0040822
galactorrhea,C0235250
galanthamine,C0234238
galvanic,C0231530
gandevia,C0231530
gangrenous,C0000731
gastroenteric,C0232726
gastroesophageal,C1321756
gastrografin,C0740844
gastrointestinal,C0009806
gastropathy,C0018932
gdm,C0497406
geburtshilfe,C0006157
gelatinous,C0443260
genitourinary,C0013428
gentle,C0085631
ger,C0018834
gerd,C0018834
geriatrbmc,C0871754
geriatric,C0871754
geriatrics,C0871754
gerontol,C0871754
gerstmann,C0234133
gfd,C0149696
ggo,C0034079
gi,C0000737
gid,C0558141
giddiness,C0030252
girl,C0497406
glistening,C0443260
glory,C0085635
glowing,C0577979
glucosurium,C0020621
gluten,C0149696
glx,C0347938
glycemic,C0043094
glycosurium,C0020639
gnaw,C0859032
go,C0085639
gonarthrosis,C0036396
goodmanr,C0858924
gord,C0018834
gottron,C0332573
grace,C0554980
gram,C0277977
grammatically,C0233647
grandiosity,C0424230
granulation,C0241158
granulocytopenia,C0239981
granulopoiesis,C0085702
gravida,C0860096
gravidarum,C0019572
gravidity,C0860096
greenish,C0443260
grief,C0233481
grimace,C0858924
groan,C0859032
gross,C0023380
guilt,C0233481
guinea,C1260880
gwg,C0043094
gynaecomastium,C0600142
gynecomastium,C0019572
gyratory,C0085631
habitual,C0205254
haematemesis,C1291077
haematologic,C1096646
haematological,C0020639
haematoma,C0019080
haematurium,C0240962
haemodynamic,C0020649
haemodynamically,C0002962
haemorrhagic,C0424749
haemorrhoid,C0232726
halitosis,C0085624
hallucination,C0040822
halo,C0241157
hammock,C0554980
handed,C0002416
handel,C0554980
handicap,C0522224
handicapped,C0522224
hang,C0008301
hanging,C0008301
hangover,C0677500
hape,C0020578
haploblock,C0281825
haplotype,C0281825
haplotypic,C0281825
haploview,C0281825
happier,C0847488
happy,C0847488
haptoglobin,C0239981
harbinger,C0240805
harderian,C0038990
hardest,C0558261
hate,C0847488
haunt,C0558261
haz,C0041667
haziness,C0205400
hbc,C0427629
hbcag,C0016927
hdbr,C0020578
hdfn,C0427629
heal,C0008767
healing,C0008767
healthful,C0205254
healthier,C0497406
healthy,C0231221
hearing,C0034880
heat,C0085593
heave,C0034642
heaviness,C0423571
hedonic,C0020175
height,C0497406
heliox,C0020578
hellp,C0020639
helpless,C0847488
hemarthrosis,C0013491
hematemesis,C0220870
hematochezium,C0235710
hematocrit,C0239981
hematological,C0020639
hematoma,C0019080
hematurium,C1313921
hemianopium,C0030552
hemianopsium,C1273573
hemicranium,C0042571
hemidiaphragm,C0264576
hemiplegium,C0013362
hemithorax,C0740844
hemoconcentration,C0028961
hemodynamic,C0232118
hemodynamically,C0700292
hemoglobin,C0239981
hemoglobinurium,C0220870
hemogram,C0240962
hemolysis,C0020639
hemoperitoneum,C1313921
hemophagocytosis,C0085702
hemoptysis,C0013404
hemorrhage,C0020649
hemorrhagic,C0019080
hemorrhaging,C0019080
hemorrhoid,C0016204
hemus,C0030552
hepatopathy,C0020639
hepatorenal,C0239981
hepatosplenic,C0038002
hepatotoxic,C0728899
hepatotoxicity,C0559546
hereditary,C0004134
herewith,C0235710
hesitancy,C0014394
hesitation,C0233647
heteroclinic,C0542044
hexon,C0016927
hfov,C0700292
hfsr,C0004093
hgpin,C0741302
hiccup,C0027497
hie,C0020440
hindmarsh,C0554980
hindquarter,C0006318
hirsute,C0019572
history,C0235710
historyj,C0240805
histrionic,C0424230
hivl,C0016927
hiz,C0036396
hoarse,C0038450
hoehn,C0233565
holter,C0232201
homebound,C0871754
homeless,C0237154
homicidal,C0438696
homocysteinemia,C0239981
homoeostasis,C0235396
homograph,C0233647
homonymous,C0030552
homophone,C0233647
homosexual,C0558141
homozygosity,C0281825
honeycombing,C0743482
hoo,C0859032
hoof,C0311395
hoot,C0859032
hopefulness,C0233492
hopeless,C0847488
hopelessness,C0233481
horny,C0241157
horrible,C0028084
hot,C0085593
hpb,C0003962
hrct,C0035508
hrt,C0239301
hrthm,C0232201
hsan,C0234133
humanised,C0746619
humanize,C0746619
humanized,C0746619
humiliate,C0558261
hunch,C0242143
hungry,C0234450
hurt,C0558261
hurthle,C0741302
hvrus,C0016927
hvt,C0020578
hybridoma,C0746619
hydronephrosis,C1313921
hydronephrotic,C1313921
hydrothorax,C0003962
hydroureteronephrosis,C0740844
hyper,C0019209
hyperactive,C0242143
hyperaemia,C0020578
hyperaemic,C0149746
hyperaldosteronism,C0032617
hyperammonemia,C0020621
hyperammonemic,C0020625
hyperamylasemia,C0020639
hyperandrogenemia,C0019572
hyperandrogenism,C0019572
hyperbilirubinaemia,C0028961
hypercalcaemia,C0020461
hypercalcemia,C0020625
hypercapnic,C0700292
hypercapnium,C0700292
hypercarbium,C0231835
hypercellularity,C0741302
hyperchloremic,C0020625
hyperchromasium,C0741302
hyperemia,C0026961
hyperemic,C0149746
hypereosinophilia,C0038002
hyperesthesium,C0677500
hyperextension,C0277845
hyperferritinemia,C0239981
hypergammaglobulinemia,C0038002
hyperhidrosis,C0677500
hyperinflation,C0020578
hyperintensity,C0347938
hyperkalaemia,C0028961
hyperkalemic,C0020625
hyperkeratotic,C0241157
hyperkinetic,C0234133
hyperlactatemia,C0239981
hyperleptinemia,C0043094
hyperleukocytosis,C0020639
hypermetabolic,C0347938
hypermetabolism,C0347938
hypermobile,C0018862
hypernatraemia,C0020621
hypernatremia,C0032617
hyperosmolar,C0020625
hyperosmolarity,C0235396
hyperosmotic,C0235396
hyperoxic,C0700292
hyperoxium,C0020440
hyperperfusion,C0347938
hyperphagium,C0043094
hyperpigmentation,C0041834
hyperpigmented,C0241157
hyperplasia,C0741302
hyperplasic,C0741302
hyperplasium,C0221198
hyperpyrexium,C0008033
hyperreactivity,C0241526
hyperreflexium,C0234133
hyperresponsive,C0241526
hypersecretion,C0032617
hypersensitivity,C0033774
hypersexuality,C0234133
hypersomnium,C0751229
hypersplenism,C0020639
hyperthermium,C0020578
hypertonic,C0235396
hypertonium,C0233844
hypertrichosis,C0332573
hyperviscosity,C0239981
hypervolemia,C0020440
hypervolemic,C0020461
hypesthesium,C0085636
hypo,C0019209
hypoalbuminaemia,C0028961
hypobaric,C0020578
hypocalcaemia,C0032617
hypocalcemia,C0020625
hypocalcemic,C0020461
hypocapnium,C0020440
hypocholesterolemia,C0020639
hypochondriasis,C0424230
hypochondrium,C0232498
hypochromic,C0019214
hypocretin,C0917799
hypodensity,C0347938
hypoesthesium,C0013362
hypofunctional,C0034880
hypoglycaemia,C0020461
hypogonadism,C0019572
hypohydration,C0235396
hypokalaemia,C0020649
hypokalaemic,C0020461
hypokalemic,C0020625
hypokinesis,C0232267
hypokinesium,C1273573
hypokinetic,C0872410
hypomagnesaemia,C0032617
hypomagnesemia,C0032617
hypomanic,C0022107
hypomanium,C0022107
hypometabolic,C0347938
hyponatraemia,C0032617
hyponatremic,C0020461
hypoosmotic,C0235396
hypoperfusion,C0231187
hypophosphatemia,C0020625
hypopigmentation,C0332573
hypopigmented,C0241157
hypopnea,C0425488
hypopnoea,C0700292
hyporeactivity,C0149746
hyporesponsive,C0241526
hyporesponsiveness,C0241526
hyposalivation,C0149758
hyposensitivity,C0085624
hyposmium,C0234133
hyposmotic,C0235396
hypotensive,C0020649
hypothermia,C0020578
hypothermium,C0020649
hypotonic,C0235396
hypotonicity,C0235396
hypotonium,C0233844
hypotrophy,C0264576
hypoventilation,C0020649
hypovolaemia,C0028961
hypovolaemic,C0578150
hypovolemia,C0028961
hypoxaemia,C0232118
hypoxemic,C0020578
hysteria,C0007398
hysterical,C0085628
hysterotomy,C0006157
iadl,C0425251
iah,C0578150
iasp,C0423571
iatrogenically,C1313921
ibalt,C0743482
ibs,C0016204
ich,C0019080
icp,C0020649
ictal,C0036572
icteric,C0277797
icterus,C0232498
ida,C0003126
ideation,C0438696
idiomatic,C0233647
iemg,C0231530
ietastasis,C1269955
iild,C0338656
ijo,C0497406
ill,C0857256
illicit,C0237154
illness,C0424749
imagingcancer,C0034079
imagingcicancer,C0034079
imagingindian,C0549483
imap,C0006318
immunodepression,C0742985
immunomarker,C0741302
immunoprofile,C0741302
immunotolerance,C0241526
impairment,C0338656
impatient,C0558261
impend,C0008301
impossibility,C1299586
impotence,C0012833
impotent,C0558141
imprisonment,C0237154
impulse,C0231530
imt,C0427008
inability,C1299586
inactivity,C0392674
inadequate,C1299586
inapparent,C0231221
incapability,C1299586
incapacitate,C0425251
incapacitated,C0425251
incapacitating,C0742985
incarcerate,C0237154
incarcerated,C0237154
incarceration,C0237154
incessant,C0038450
incidentally,C0034079
incompetence,C0038450
inconstant,C0576456
inconvenience,C1299586
incoordination,C0234133
indexation,C0425488
indifferent,C0847488
indigestion,C0027769
indrawing,C0151315
indulge,C0558261
indurated,C0332573
induration,C0013491
inefficacy,C0559546
infantile,C0004134
infarction,C0019080
infertility,C0156543
infiltration,C0205400
inflexibility,C0338656
infliximab,C1517205
informed,C0424092
infrasound,C0231530
infusion,C0020649
ingestion,C0016382
ingestive,C0020175
ingrowth,C0241158
inmate,C0237154
innocuous,C0677500
insecurity,C0020175
insemination,C0156543
insensible,C0032617
insensitivity,C0241526
insidious,C0019214
insidiously,C0332573
insipidus,C0032617
insomnia,C0600142
insomniac,C0014394
inspection,C0429562
inspiratory,C0425488
inspired,C0425488
institutionalised,C0871754
institutionalization,C0871754
institutionalize,C0425251
institutionalized,C0871754
insufficiency,C0020649
insufﬁciency,C0020621
intact,C0231441
intake,C0020175
intercourse,C0156543
intercurrent,C1096646
interdigital,C0018862
interictal,C0036572
interlocked,C0542044
intermittent,C0010200
interrogative,C0233647
interstitial,C0205400
intestina,C0009806
intolerable,C0012833
intolerance,C0003123
intoxicate,C0728899
intoxicated,C0728899
intraabdominal,C1313921
intrabiliary,C1313921
intracochlear,C0040264
intrafusal,C0231530
intrapartum,C0006157
intrapelvic,C1313921
intrathoracic,C0264576
intravasation,C1269955
invadopodia,C1269955
invadopodium,C1269955
invasion,C1269955
invasioncancer,C1269955
invasionj,C1269955
invasiveness,C1269955
investigational,C0559546
involuntary,C0009024
inﬁltration,C0205400
inﬂict,C0742985
ionoclonal,C0746619
iotf,C0497406
ipap,C0425488
ipj,C0018862
iqr,C0043144
irae,C1096646
iritis,C0085636
irregular,C0205400
irregularity,C0205400
irritability,C0003123
irritant,C0085624
irritate,C0677500
irritated,C0008301
irritating,C0085624
irritation,C0037383
irritative,C0677500
ischaemic,C0002962
isocapnic,C0020440
isomerism,C0018800
isometrically,C0231530
isosmotic,C0235396
isotonic,C0235396
itch,C0085636
itchiness,C0019825
itching,C0848340
itchy,C0033774
iufd,C0006157
ivh,C0019080
ivu,C1313921
jail,C0237154
jamda,C0871754
jargon,C0233647
jaundice,C0018965
jaundiced,C0578150
javma,C0311395
jelekin,C0024031
jerk,C0233844
jerky,C1273573
jeuropean,C0036396
jmpt,C0024031
jockey,C0558261
journalcanadian,C0036572
joyful,C0847488
jvp,C0232267
jvr,C0232118
kales,C0751229
karnofsky,C0425251
keratic,C0085635
keratinization,C0741302
keratoderma,C0332573
keratotic,C0241157
ketoacidosis,C0020461
ketonurium,C0239981
kindle,C0036572
kindling,C0036572
kinesigenic,C0004134
kinesiophobia,C0024031
kinsey,C0554980
kmi,C0600142
koa,C0024031
konzo,C0234133
korotkoff,C0232257
kpa,C0427008
kwashiorkor,C0020639
lability,C0085631
labor,C0156543
labour,C0156543
labouring,C0006157
labyrinthectomy,C0040264
lacerated,C0013491
laceration,C0019080
lacrimation,C0023380
ladi,C0338656
lady,C0392680
lagophthalmo,C0026961
lait,C0332573
lame,C0311395
laminitis,C0311395
lance,C0231530
laryngitis,C0019825
laryngocele,C0038450
laugh,C0558261
laughing,C0859032
laxative,C0016204
lazy,C0847488
lbbb,C0520887
lbnp,C0020578
lbp,C0030193
lbvv,C0860096
ld,C0281825
ldaep,C0040264
ldct,C0034079
lean,C0497406
leanness,C0043094
leat,C0007398
legs,C0040822
leisure,C0205254
lentigine,C0332573
leprosum,C0041834
lesbian,C0558141
lethargic,C0231835
leucocytosis,C0038002
leucopenia,C0038002
leukocorium,C0085635
leukocytopenia,C0020639
leukocytosis,C0151315
leukopenia,C0020639
levenshtein,C0233647
lft,C0239981
lga,C0860096
liber,C0221232
libido,C0016204
lie,C0085639
lifestyle,C0205254
lifethreaten,C0000727
lifethreatening,C0742985
lightning,C0312422
likert,C0847488
limitation,C1299586
limp,C0233844
lingular,C0018800
lining,C0205400
linkage,C0281825
lipedema,C0003862
lipoatrophy,C0019572
lipodystrophy,C0019572
lipohypertrophy,C0019572
liquefaction,C0443260
liquefy,C0443260
lisch,C0332573
lithiasis,C0242453
livedo,C0003862
liver,C0003962
living,C0425251
lleum,C0018932
llow,C0438716
loading,C0427008
lobe,C0221198
lobulation,C0205400
loculated,C0740844
loculation,C0740844
lonely,C0847488
lose,C0424092
loud,C0232517
loudly,C0558261
loudness,C0040264
lowa,C0020175
lqt,C0039070
lspv,C0232201
lss,C0036396
ltc,C0871754
lti,C0859032
ltpa,C0205254
ltsa,C0024031
lull,C0859032
lumbago,C0030193
lumbar,C0036396
lumbosacral,C0036396
lump,C0038999
lumpy,C0241157
lungs,C0743482
luq,C0000737
lurcher,C0242143
lut,C0242453
luts,C0242453
lvilvip,C1269955
lvionoclonal,C0746619
lymphadenopathy,C0038999
lymphangiectasium,C0019214
lymphangiogenesis,C1269955
lymphangiogenic,C1269955
lymphangitis,C0019079
lymphedema,C0030193
lymphocele,C1313921
lymphocytosis,C0038002
lymphoedema,C0019079
lymphohistiocytic,C0241157
lymphopenia,C0038002
lymphoproliferation,C0241526
lymphosarcoma,C0003962
mab,C0746619
mackinnon,C0554980
macrocytic,C0038002
macrometastase,C0034079
macrometastasis,C0034079
macrosomia,C0006157
macrosomic,C0860096
macrosomium,C0006157
maculopapular,C0241157
malabsorption,C0020639
malabsorptive,C0149696
maladaptation,C0231187
malfunction,C0231187
mallampati,C0038450
mallampatus,C0038450
malnourish,C0857256
malnourishment,C0239981
malnutrition,C0239981
malodor,C0085624
malodorous,C0677500
malperfusion,C0231187
malpresentation,C0006157
mammogram,C0034079
mammographically,C0034079
man,C0497406
mane,C0859032
mania,C0007398
manic,C0022107
manip,C0024031
manipulative,C0024031
mannerism,C1273573
manoeuvre,C0020578
manser,C0554980
mantoux,C0032739
marasmus,C0576456
mastalgium,C1384606
mastication,C0013132
masturbation,C1384606
materna,C0860096
materno,C0860096
matthews,C0554980
mattis,C0234133
maturitas,C0239301
maudsley,C0007398
mcab,C0746619
mccormick,C0554980
mclean,C0554980
mcnair,C0554980
mde,C0022107
meana,C0043144
mechanobiology,C0427008
medarmannals,C0030554
mediocre,C0847488
meibum,C0038990
melanize,C0443260
melanotic,C0443260
melas,C0004134
melena,C0019079
mellon,C0554980
memri,C0347938
meniere,C0042571
meningothelial,C0741302
menopausal,C0239301
menopause,C0600142
menorrhagium,C1384606
menses,C0600142
menstrual,C0600142
menstruation,C1384606
mentation,C0151315
merle,C0311395
merrf,C0004134
met,C0497406
metaboliser,C0281825
metallopro,C1269955
metamorphopsium,C0085635
metaplasia,C0741302
metaplasium,C0741302
metastase,C0221198
metastasis,C1269955
metastasisbreast,C1269955
metastasisclin,C1269955
methemoglobinemia,C0728899
mets,C0205254
mfcv,C0231230
mho,C0497406
mht,C0239301
microabscess,C0241157
microangiopathic,C0020639
microcalcification,C0034079
microinvasion,C0741302
micronodule,C0743482
micropapillary,C0741302
migraine,C0040264
migrainej,C0042571
migraineur,C0040264
migrainous,C0042571
migration,C1269955
mild,C0041834
mildest,C0234133
mildly,C0205400
miles,C0554980
mime,C0859032
miosis,C0085636
miscarriage,C0156543
miscellaneous,C0004093
misdiagnosed,C0231221
misdirection,C0277845
miserable,C0558261
mishap,C0312422
misspell,C0233647
misspelling,C0233647
misuse,C0237154
mlv,C0016927
mmhg,C0020649
mmrc,C0013404
mnd,C0234133
moab,C0746619
moderate,C0030232
modic,C0036396
moduli,C0427008
modulus,C0427008
monochorionic,C0006157
mononucleosis,C0240805
monosodium,C0728899
monostable,C0542044
monosyllable,C0233647
monosymptomatic,C0042571
monotony,C0231230
mood,C0030318
mopc,C0746619
morbid,C0497406
moribund,C0023380
morty,C0743482
mosm,C0235396
mosmol,C0235396
motionless,C0234450
motoneurone,C0231530
mottled,C0332573
mouth,C0037383
mslt,C0917799
msna,C0149746
mtr,C0347938
mtrp,C0423571
mtwa,C0520887
muac,C0041667
muap,C0231530
mucicarmine,C0741302
muck,C0859032
mucopurulent,C0232498
mucositis,C0011991
mucous,C0038990
mullen,C0554980
multiallelic,C0281825
multifocal,C0221198
multigravid,C0860096
multigravida,C0860096
multimorbid,C0871754
multiorgan,C0003962
multipara,C0860096
multiparity,C0860096
multiparous,C0860096
multistable,C0542044
multivitamin,C0239301
mural,C0205400
murmur,C0232498
muscles,C0231530
musculoskelet,C0024031
musculoskeletal,C0030193
musk,C0234238
mute,C0859032
mutism,C0424230
muus,C0013428
mvpa,C0497406
mwoa,C0236018
myalgic,C0015672
myalgium,C0019209
mydriatic,C0026961
myelinolysis,C0020625
myelocyte,C0085702
myelosuppression,C1096646
myelotoxicity,C1096646
myoclonic,C0009024
myoelectrical,C1291077
myoglobinurium,C0239981
myography,C0231530
myopathy,C0004134
myxedema,C0020621
myxomatous,C0241158
naa,C0347938
nadir,C1517205
nagging,C0558261
nairna,C0085606
nap,C0751229
napping,C0751229
naranjo,C0559546
narcolepsy,C0751229
narcoleptic,C0751229
narghile,C0337672
narrowing,C0205400
nasg,C0006157
nasopharyngitis,C1096646
nasty,C0558261
nawm,C0347938
nbte,C0006318
nccp,C0018834
ncse,C0007398
ndph,C0018681
necessity,C1299586
necrolysis,C0559546
ned,C0018932
nef,C0016927
negative,C0277977
neoangiogenesis,C1269955
neocartilage,C0241158
neointima,C0241158
neointimal,C0241158
neophobia,C0424337
neovessel,C0241158
nephrolithiasis,C0242453
nephrological,C0020625
nephrotoxic,C0020461
nephrotoxicity,C0020461
nephrotoxin,C0020461
nerd,C0018834
nervosa,C0020175
neuralgia,C0042571
neuralgic,C0036396
neuralgiform,C0085636
neurocognition,C0338656
neurocognitive,C0338656
neurogenomics,C0338656
neurohumoral,C0149746
neurologic,C0018991
neurological,C0234133
neuroma,C0423571
neurometabolic,C0347938
neuronopathy,C0234133
neuropediatric,C0007398
neuropsychologic,C0338656
neurosis,C0007398
neurotoxic,C0728899
neurotoxicity,C0728899
neurourol,C0242453
neurourology,C0242453
neutering,C0311395
neutropaenia,C1096646
neutrophile,C0085702
neutrophilia,C0085702
neutrophilic,C0085702
nevi,C0741302
nevus,C0332573
nibble,C0037383
nidus,C1313921
nigrican,C0019572
nihl,C0040264
nimv,C0425488
nipd,C0427629
nipt,C0427629
nka,C0235396
nle,C0427629
nlonoclonal,C0746619
nlst,C0034079
nmss,C0338656
nntb,C0559546
nocturia,C0009806
nocturium,C0600142
nocturnal,C0751229
nodding,C0040822
nodosum,C0041834
nodular,C0332573
nodule,C0034079
nonacute,C0024031
nonaerated,C0264576
noncardiac,C0039070
nonclassic,C0019572
noncognitive,C0424337
noncontributory,C0240962
nonconvulsive,C0036572
nondrinker,C0337672
nonelderly,C0871754
nonexercise,C0205254
nonfluent,C0233647
nonhematologic,C0231528
nonmotor,C0338656
nonneoplastic,C0741302
nonocular,C0026961
nonpregnant,C0860096
nonpulsatile,C0240100
nonrespiratory,C0043144
nonresponsive,C0241526
nonresponsiveness,C0241526
nonsmoking,C0337672
nonsustained,C0039070
nontender,C0332573
nonuser,C0239301
nonventilated,C0020440
normocapnium,C0020578
normochromic,C0085702
normocytic,C0038002
normosmic,C0003126
normotensive,C0149746
nose,C0010200
nosebleed,C0232726
nosological,C0917799
nosology,C0007398
notej,C1299586
nourished,C0041667
noxious,C0677500
npcr,C0239981
nrems,C0751229
nrs,C0030193
nslbp,C0036396
nsr,C0232201
nssi,C0438696
nssus,C0438696
nstemus,C0520886
nsvt,C0520887
nullipara,C0006157
nulliparity,C0239301
nulliparous,C0860096
numbing,C0028084
nummular,C0241157
nutrition,C0497406
nye,C0554980
nyha,C0013404
nystagmus,C0872410
oab,C0242453
oae,C0034880
obe,C0497406
obes,C0497406
obese,C0043094
obesogenic,C0497406
obgynfacts,C0006157
obliteration,C0205400
obscuration,C0085635
obsessive,C0030318
obstacle,C1299586
obstetric,C0006157
obstetrical,C0006157
obstetrics,C0006157
oby,C0497406
occasional,C0038999
occasionally,C0038999
occult,C0231221
occurance,C0232726
occurring,C0240805
ocp,C0239301
octogenarian,C0871754
oddi,C1321756
odynophagium,C0581912
oedema,C0041834
offend,C0438696
offender,C0438696
often,C1299586
oit,C0149696
older,C0497406
oligohydramnio,C0006157
oligomenorrhea,C0019572
oliguric,C0239981
oligurium,C0085619
omit,C0424092
onlinebiomed,C0006318
onset,C0036572
ooze,C0013491
opacification,C0205400
opacity,C0205400
opaque,C0443260
ophthalmic,C0026961
ophthalmologic,C0026961
ophthalmological,C0026961
ophthalmoplegium,C0004134
opml,C0741302
opposed,C0542044
orebp,C0235396
organomegaly,C0232498
orgasm,C0600142
orgasmic,C1384606
orthodromic,C0231530
orthostatic,C0020578
osa,C0751229
osah,C0014394
osas,C0751229
oscillating,C0542044
oscillator,C0542044
oscillometry,C0020578
osd,C0085636
osmo,C0235396
osmolality,C0235396
osmolarity,C0235396
osmoregulation,C0235396
osmoregulatory,C0235396
osmosensitive,C0235396
osmotically,C0235396
osteochondrosis,C0311395
osteopath,C0024031
osteophytosis,C0018862
osteoradionecrosis,C0149758
otalgium,C0030554
otoacoustic,C0040264
otological,C0042571
otoscopic,C0035508
ototoxic,C0026961
ototoxicity,C0026961
ouc,C0311395
outburst,C0312422
overactive,C0242453
overactivity,C0037763
overconsumption,C0043094
overcrowding,C0237154
overdistension,C0264576
overdosage,C0020461
overdose,C0559546
overeat,C0043094
overeating,C0043094
overexposure,C0728899
overfeed,C0043094
overfeeding,C0043094
overinflation,C0743482
overlaid,C0429562
overlay,C0429562
overload,C0700292
overloading,C0231187
overstimulation,C0241526
overuse,C0030193
ovs,C0233647
oxygenation,C0020578
oﬁ,C0859032
pacemaker,C0232201
pacing,C0232201
packyear,C0337672
padl,C0425251
padm,C0241158
paee,C0205254
pagetoid,C0741302
pale,C0030232
palpable,C0232498
palsy,C0037763
pannus,C0241158
papilledema,C0085636
papilloedema,C0085636
papillomatous,C0241157
papular,C0241157
papule,C0041834
parabasal,C0741302
paraesthesia,C0677500
paraesthesium,C0231528
parafunctional,C0013132
parakeratosis,C0241157
paralysis,C0522224
paralytic,C0234133
paralyze,C0242143
paralyzed,C0522224
paraphilia,C0007398
paraplegia,C0037763
parasomnia,C0085628
parasuicide,C0438696
paratenon,C0241158
paratyphoid,C0011991
parenchyma,C0221198
paresthesium,C1273573
paroxysm,C0030554
paroxysmal,C0236018
participle,C0233647
partum,C0156543
parturient,C0006157
patches,C0241157
patching,C0026961
pathology,C0221198
pbw,C0425488
pco,C0019572
pcsa,C0241158
pd,C0233565
pdd,C0234133
pearly,C0332573
peau,C0332573
pecking,C0424337
pectori,C0004604
pedometer,C0205254
pelvicalyceal,C1313921
pendular,C0042571
pentad,C0007398
penton,C0016927
pentylenetetrazol,C0036572
pentylenetetrazole,C0036572
peopleage,C0871754
perceive,C0233481
percentile,C0041667
percussion,C0277845
peribronchial,C0743482
peribronchiolar,C0743482
peribulbar,C0026961
pericholecystic,C0740844
pericranial,C0423571
perifollicular,C0241157
perihepatic,C1313921
perimenopausal,C0600142
perimenopause,C0600142
perinatology,C0860096
perinephric,C1313921
periodic,C0542044
periodicals,C0085631
perioral,C0013491
periorbital,C0085636
peripartum,C0006157
peristomal,C0008767
peritendinous,C0241158
peritoneal,C0003962
pernicious,C0020639
persistant,C0018965
persistent,C1517205
persistently,C0231221
personsj,C0871754
perspiration,C0013144
perus,C0241158
petechia,C0232498
petechial,C0030232
peyronie,C0242453
phalloplasty,C0558141
phantosmium,C0677500
pharmacogenomicsj,C0085606
pharmacoresistant,C0036572
pharmacovigilance,C0559546
pharyngolaryngeal,C0019825
phila,C0024031
phimosis,C1384606
phlebitis,C0013491
phlegm,C0043144
phlegmon,C1313921
phn,C0024031
phobia,C0030318
phobic,C0030318
phonation,C0037384
phonatory,C0019825
phosphene,C0040264
phosphide,C0728899
phosphokinase,C0028961
phospholipidosis,C0728899
photosensitivity,C0033774
phrenic,C0231530
physical,C0205254
physically,C0205254
physiother,C0024031
physiotherapy,C0024031
pib,C0347938
pigd,C0233565
pigmentation,C0332573
pigmentosa,C0004134
pih,C0860096
piloerection,C1273573
pimax,C0425488
pinching,C0231530
pinkish,C0443260
pinteraction,C0239301
pity,C0558261
pkan,C0004134
placentae,C0860096
plaid,C0542044
plaque,C0221198
pleocytosis,C0020639
pleomorphism,C0741302
plethysmographic,C0232118
pleuritic,C0030252
pmcus,C0347938
pmpa,C0016927
pneumatocele,C0038450
pneumatosis,C0740844
pneumoconiosis,C0743482
pneumolj,C0085606
pneumomediastinum,C0264576
pneumonic,C0743482
pneumopericardium,C0038450
pneumothorace,C0038450
poison,C0728899
poisoning,C0728899
poisoningj,C0728899
polg,C0004134
polyclonal,C0746619
polydipsium,C0751229
polyphagium,C0003123
polyprotein,C0016927
polysomnographic,C0751229
polysomnography,C0037384
poor,C1299586
poorly,C1299586
populationstheor,C0281825
poroma,C0332573
positive,C0032739
postacute,C0871754
postburn,C0013491
postcoital,C0013428
postexercise,C0149746
postictal,C0085628
postive,C0277977
postmarket,C0559546
postmenopause,C0600142
postnasal,C0085624
postpartum,C0860096
poststroke,C0338656
postterm,C0006157
posttraumatic,C0030318
postvoid,C0242453
pound,C0008301
powerless,C0847488
ppd,C0032739
ppeak,C0425488
pph,C0019080
pplat,C0425488
pppd,C0018932
pprom,C0860096
praecox,C0234133
praevium,C0006157
preach,C0558261
prealbumin,C0020639
precancer,C0741302
precapillary,C0700292
precordial,C0232201
prediagnosis,C0018932
pree,C0149746
preeclampsium,C0860096
preeclamptic,C0860096
preexcitation,C0520886
pregestational,C0860096
pregnancy,C0156543
pregnancycochrane,C0006157
pregnancyjournal,C0006157
pregnant,C0860096
prehypertensive,C0149746
prelabour,C0860096
prematurity,C0576456
premenopause,C0239301
premenstrual,C0600142
premonitory,C0007398
premorbid,C0338656
preoxygenation,C0020578
prerenal,C0020639
presbycusis,C0040264
pressor,C0020578
pressure,C0427008
pressurization,C0020578
prestroke,C0338656
pretend,C0558261
pretibial,C0013491
preventability,C0559546
previum,C0006157
preyer,C0522224
priapism,C0020649
prick,C0038990
primigravid,C0860096
primipara,C0860096
primiparity,C0860096
primiparous,C0860096
prison,C0237154
prisoner,C0237154
probation,C0237154
problem,C1299586
procrustes,C0429562
proctitis,C0232726
prodromal,C0240805
profuse,C0241157
progressive,C0004134
prometastatic,C1269955
promigratory,C1269955
proparacaine,C0026961
proptosis,C0030232
prose,C0233647
prostatic,C0242453
prostatitis,C0242453
prostitution,C0237154
prostration,C0085619
proteinuria,C0239981
protumorigenic,C1269955
proverb,C0233647
provocation,C0020578
pruritic,C0041834
pruritis,C0028643
pseudocapsule,C0241158
pseudocyst,C1313921
pseudohypoaldosteronism,C0020461
pseudomembrane,C0241157
psg,C0751229
psp,C0234133
psychiatric,C0030318
psychiatrycase,C0007398
psychoacoustic,C0040264
psychogenic,C0007398
psychogeriatric,C0338656
psycholinguistics,C0233647
psychomotor,C0013144
psychosexual,C0558141
psychosomatic,C0030318
psychotic,C0438696
psyllium,C0016204
ptj,C0024031
ptl,C0006157
ptosis,C0030552
ptsd,C0438696
pubarche,C0019572
puerperal,C0235250
puerperium,C0006157
puffy,C0151315
pulmonale,C0232118
pulmonaw,C0043144
pulsate,C0006318
pulsating,C0019825
pulsation,C0240100
pulseless,C0002962
pun,C0859032
pupil,C0026961
pupillary,C0026961
purpuric,C0041834
purulence,C0008033
purulent,C0241157
pustulosis,C0041834
putaminal,C0347938
puv,C0014394
pvius,C0016927
pwv,C0427008
pyelogram,C1313921
pyelography,C1313921
pyloric,C1321756
pyrexia,C0019079
pyurium,C0018965
qrs,C0520887
qrst,C0520886
qtcd,C0520887
qtd,C0520887
quadriplegic,C0425251
quadriplegium,C0018991
quiet,C0234450
quietly,C0234450
quintile,C0041667
quitter,C0337672
quotient,C0476273
rabbit,C0746619
rabbits,C1260880
rabeprazole,C0018834
racehorse,C0311395
racine,C0009024
radicular,C0036396
radiculitis,C0036396
radiculopathy,C0024031
radiogram,C0740844
range,C0085639
rare,C0231221
rash,C0013491
rattle,C0037383
rave,C0234450
raynaud,C0003862
rbbb,C0520887
rcbf,C0347938
rdw,C0239981
reach,C0085639
reactionsclin,C0559546
reactogenicity,C0559546
readmit,C0578150
reaeration,C0020440
reappearance,C1517205
reassignment,C0558141
reassurance,C0233481
rebound,C1517205
rebreathing,C0020578
receive,C0424092
rechtschaffen,C0751229
recidivism,C0237154
reck,C1269955
recoil,C0427008
reconstructed,C0429562
recreational,C0205254
recruitable,C0425488
recrystalize,C0424092
recumbency,C0872410
redden,C0948786
reentry,C0232201
reepithelialization,C0008767
reexpansion,C0700292
reflex,C0872410
reflux,C0018834
refractoriness,C0241526
refrain,C0424092
refreshing,C0917801
refuse,C0424092
regenerated,C0241158
regret,C0233481
regurgitation,C0232257
rehabil,C0024031
rehabilitation,C0871754
rehydration,C0011991
reinstitution,C0231187
reintubate,C0578150
relaxation,C0427008
relief,C0030193
relive,C0917801
rem,C0751229
remission,C1517205
remit,C0240805
remove,C0424092
reparative,C0241158
repe,C0038450
repetitively,C0231530
repetitiveness,C0231230
repolarisation,C0520887
reponse,C0241526
repressilator,C0542044
resaairallergy,C0085606
resallergy,C0085606
resent,C0847488
resonj,C0018800
respiratory,C0043144
respite,C0425251
response,C0241526
responsiveness,C0241526
restart,C0424092
restitution,C0232201
restless,C0233565
restlessness,C0028084
resuscitate,C0578150
resuscitation,C0578150
resuscitative,C0578150
reticulocytosis,C0020639
retroactivity,C0542044
retrobulbar,C0026961
retrosternal,C0085619
return,C0085639
rewarm,C0020578
rewarming,C0020578
reye,C0149696
reﬁll,C0028961
reﬂex,C0040822
reﬂexes,C0030552
reﬂux,C0018834
rfca,C0232201
rhabdomyolysis,C0037763
rhd,C0427629
rheology,C0427008
rheumatologic,C0003862
rhinitis,C0010200
rhinorrhea,C0043144
rhinorrhoea,C0038450
rhoc,C1269955
riassunto,C0085606
ridden,C0425251
rigidity,C0427008
rime,C0233647
ringing,C0231530
riss,C0221232
rlq,C0003862
rmsd,C0429562
roentgenogram,C0740844
romberg,C0872410
rpm,C0085631
rsbus,C0425488
rtm,C0040264
rubbery,C0443260
rubbing,C0085624
rum,C0859032
ruminate,C0917801
runny,C0085636
rupture,C0019080
ruq,C1291077
rush,C0028084
rvi,C0700292
sacred,C0030252
sad,C0847488
sadd,C0020175
sadr,C0559546
sae,C0559546
safdrug,C0559546
safety,C0559546
saliva,C0013132
salivary,C0038990
salivation,C0016382
samm,C0860096
sap,C0085619
sarcopenia,C0871754
sarcopenic,C0497406
satiated,C0020175
satiation,C0020175
satiety,C0043094
satisfied,C0847488
saul,C0554980
scab,C0241157
scald,C0677500
scalloping,C0205400
scaly,C0241157
scar,C0008767
scare,C0847488
scared,C0558261
scarring,C0205400
scary,C0847488
scheltensp,C0085606
schizoid,C0424230
scimitar,C0232118
scintillating,C0085635
scirrhous,C1269955
scotoma,C0085635
scream,C0028084
sdann,C0232201
sdb,C0751229
sdft,C0241158
sebum,C0038990
secondary,C0019080
sedated,C0020578
sedentariness,C0205254
semiology,C0234133
senility,C0338656
sensation,C0085624
sensibility,C0231890
sensitization,C0241526
sensorineural,C0034880
sensorium,C0028643
septa,C0205400
septicaemia,C0019080
sequel,C0742985
sequela,C0231187
sequelae,C0742985
sequelum,C0742985
seroma,C0241158
serositis,C0019214
serpiginous,C0241157
setx,C0004134
severe,C0424749
sga,C0043094
sgot,C0239981
sgrq,C0013404
shake,C0085631
shaker,C0085631
shame,C0233481
shear,C0427008
shiftwork,C0312422
shisha,C0337672
shit,C0859032
shiver,C0231530
shock,C0020649
shocking,C0558261
shortness,C0231230
shoulder,C0024031
shout,C0558261
shove,C0558261
showalter,C0554980
shse,C0337672
shutdown,C0231187
shy,C0847488
siadh,C0032617
sibutramine,C0043094
sicct,C0032739
sick,C0233481
sickness,C0015672
sideeffect,C0559546
sign,C0151315
sih,C0020649
silicosis,C0743482
silicotic,C0743482
silly,C0558261
simplified,C0425488
simv,C0425488
singe,C0522224
sinoatrial,C0232201
sitz,C0242453
siv,C0016927
skin,C0041834
skinned,C0231530
slapping,C0558261
sleep,C0234450
sleeper,C0037384
sleepiness,C0015672
sleeping,C0751229
sleepwalk,C0014394
slightest,C0027769
slowness,C0013362
sluggish,C0023380
slump,C0872410
slur,C0151315
smack,C0542073
smoke,C0337672
smoked,C0337672
smoker,C0337672
smoking,C0337672
smt,C0024031
sneezing,C0085636
snhl,C0034880
snuff,C0337672
sofa,C0028961
soiling,C0232602
somatoform,C0030318
somnolence,C0009806
soothe,C0027769
soothing,C0917801
sore,C0008031
soreness,C0231230
sorrow,C0558261
sorry,C0558261
soundness,C0311395
spak,C0235396
spastic,C0030552
spasticity,C0233565
speeding,C0312422
spell,C0085639
spem,C0013362
spend,C0205254
spherocytosis,C0020639
spicy,C0085624
spinee,C0036396
spinocerebellar,C0234133
spirometric,C0425488
splenic,C0038002
spmsq,C0338656
spoken,C0233647
spondylosis,C0036396
spongiosis,C0241157
spontaneous,C0036572
sport,C0205254
sprain,C0036396
sprue,C0149696
sptb,C0860096
sputum,C0010200
srss,C0041657
ssnhl,C0034880
stable,C0231441
stale,C0312422
stand,C0085639
stanfield,C0554980
stare,C0872410
starry,C0443260
startle,C0034880
stave,C0085639
steal,C0008301
steatorrhea,C0011991
stemus,C0520886
stereotyped,C0542073
stereotypic,C0009024
stereotypical,C0542073
stereoview,C0429562
stiffen,C0427008
stiffening,C0427008
stifle,C0311395
stillbirth,C0156543
stinging,C0332575
stir,C0085631
stomatitis,C0231528
stone,C1313921
stool,C0016204
stop,C0424092
straightening,C0277845
strangulation,C0008301
strength,C0427008
strenuous,C0848168
striae,C0019572
stroking,C0231530
structure,C0429562
stubborn,C0847488
stuffiness,C0581912
stun,C0558261
stunning,C0020578
stunt,C0041667
stunting,C0041667
stupid,C0558261
stuttering,C0234133
subarachnoidal,C0019080
subchronic,C0728899
subclinical,C0231221
subcorneal,C0241157
subglottic,C0038450
subhepatic,C1313921
subphrenic,C1313921
subpleural,C0743482
subsegmental,C0264576
substernal,C0264576
subtotal,C0018932
subungual,C0332573
subzero,C0085593
suck,C0008301
sucking,C0576456
sud,C0438696
sudden,C0312422
sudep,C0036572
sufferer,C0917801
suffering,C0233481
suffocation,C0312422
suggestive,C0019209
suicide,C0438696
summon,C0558261
suna,C0042571
sunken,C0010520
supercooling,C0085593
superficial,C0041834
superimposable,C0429562
superimpose,C0429562
superlinear,C0542044
superpose,C0429562
superposition,C0429562
supervene,C0231187
supplementation,C0043094
suppuration,C0013491
supramaximal,C0231530
supraventricular,C0039070
surae,C0231530
surghpb,C0003962
surgjiapsjournal,C1313921
surprised,C0558261
susar,C0559546
suspect,C0424749
suspected,C0151315
suspiciousness,C0424230
suvr,C0347938
svt,C0039070
swallow,C0019825
swd,C0036572
swear,C0558261
swell,C0013491
swirl,C0443260
swollen,C0030232
sydenham,C0007398
sympathoexcitatory,C0149746
sympathovagal,C0149746
symphysiotomy,C0156543
symptom,C0042963
symptomatic,C0231221
symptomatically,C0742985
symptomatology,C0240805
syncopal,C0028084
syndemic,C0237154
syndrom,C0004134
syndromes,C0004134
syringeal,C0231530
syrinx,C0038450
tachyarrhythmia,C0039070
tachycardia,C0010520
tachycardic,C0034642
tachypneic,C0013404
tachypnoea,C0019079
tah,C0018932
take,C0424092
takotsubo,C0039070
tant,C0235129
tantrum,C0917801
targetoid,C0241157
tarlov,C0036396
tasking,C0338656
tat,C0016927
tbln,C0032739
tbna,C0034079
tdmus,C0542044
tdt,C0281825
teae,C0027497
teat,C0311395
teinase,C1269955
telangiectasia,C0030554
telangiectasium,C0004134
telangiectatic,C0332573
temperature,C0085593
tender,C0332575
tenderness,C0003862
tendonitis,C0036396
tension,C0427008
tensional,C0427008
terminate,C0424092
terrible,C0847488
terribly,C0558261
terror,C0028084
tested,C0032739
tetanic,C0231530
tetany,C0030552
tethered,C0231441
tetherin,C0016927
thickness,C0427008
thinness,C0041667
thirst,C0220870
thirsty,C0541992
thought,C0233481
thrash,C0242143
thrill,C0558261
throat,C0424749
throb,C0018681
throbbing,C0332575
thrombocyte,C0085702
thrombocytopenia,C1096646
thrombocytosis,C0239981
thromboembolus,C0019080
thrombopenia,C0239981
thrombophlebitis,C0013491
thrombopoiesis,C0085702
thunderclap,C0037763
thunderstorm,C0312422
thyromental,C0037384
thyrotoxic,C0020461
thyrotoxicosis,C0020621
tia,C0002962
tida,C0020578
tidemark,C0241158
tightening,C0008767
tightness,C0231230
timekeeper,C0041657
tinetti,C0871754
tinge,C0443260
tingle,C0332575
tingling,C0392699
tired,C0917801
tium,C0002962
tke,C0427008
tnus,C0520886
tocolysis,C0006157
toggle,C0542044
tolac,C0006157
tolerance,C0241526
tolvaptan,C0020461
tomosynthesis,C0034079
tonebp,C0235396
tongren,C0085636
tongue,C0019825
tonicity,C0235396
tonus,C0149746
torn,C0948786
tornado,C0312422
torpedo,C0234238
torticolli,C0042571
touching,C0008301
toxemia,C0000727
toxic,C0728899
toxicity,C0728899
toxicosis,C0728899
trabeculation,C0018800
transaminase,C0239981
transbronchial,C0034079
transcortical,C0030552
transgender,C0558141
transmigration,C1269955
transudate,C0443260
transurethral,C0242453
trapped,C0231441
tremble,C0030252
tremen,C0007398
trendelenburg,C0578150
tridimensional,C0429562
trifunctional,C0746619
trismus,C0030554
triumvirate,C0006625
tropicamide,C0026961
troponin,C0520887
trouble,C0917801
truncal,C0030232
tst,C0032739
tth,C0236018
ttot,C0425488
tuberculin,C0032739
tubulopathy,C0020639
tumefaction,C0013491
tumescence,C0600142
tumorgenesis,C1269955
tumorigenicity,C1269955
tumorogenesis,C1269955
tumourigenesis,C1269955
tumourigenicity,C1269955
turbid,C0443260
turn,C0085639
tut,C0231530
tv,C0205254
tvjl,C0311395
twa,C0520887
twitch,C0231530
twitching,C0040822
typhoid,C0011991
typo,C0233647
typographical,C0233647
uao,C0020578
uap,C0002962
uco,C0020578
udder,C0311395
ugly,C0847488
ugus,C0018932
uhdrs,C0234133
uip,C0743482
ulcerate,C0241157
ulcerated,C0241157
ulceration,C0221198
uln,C1096646
ultrasensitivity,C0542044
ultrasonogram,C0740844
unaided,C0425251
unapparent,C0231221
unassisted,C0425251
unbearable,C0847488
unbooked,C0860096
unbroken,C0231441
uncomfortable,C0847488
uncomplicated,C0231221
unconsciousness,C0872410
uncooperative,C0857256
uncoordinated,C0242143
underdose,C0559546
undernourished,C0041667
undernourishment,C0043094
undernutrition,C0043094
undiagnosed,C0231221
undocumented,C0237154
uneasiness,C0858924
uneasy,C0847488
unemployment,C0237154
uneventful,C0000731
uneventfully,C0578150
unexplained,C0039070
unexposed,C0337672
unformed,C0011991
ungrammatical,C0233647
unhappiness,C0233481
unhealed,C0008767
unhealthy,C0205254
unheard,C0558261
unilateral,C0030552
unintelligible,C0233647
uninterested,C0847488
unlinked,C0281825
unopposed,C0239301
unoprostone,C0026961
unprovoked,C0240805
unreal,C0847488
unrelenting,C0742985
unrelieved,C0030193
unremarkable,C0019214
unremitting,C0423571
unresponsive,C0241526
unrevealing,C0578150
unsatisfied,C0847488
unscarred,C0006157
unsolicited,C0559546
unspecified,C0000727
unspeciﬁed,C0004604
unstable,C0231441
unsteadiness,C0012833
unsupported,C0522224
untethered,C0231441
untoward,C0559546
untrue,C0847488
untwisting,C0427008
unwilling,C0857256
upa,C1269955
upar,C1269955
upcr,C0239981
updr,C0234133
updrs,C0233565
upset,C0917801
uraemia,C0020639
uremia,C0020625
uremic,C0020461
urge,C0233481
urgency,C1299586
urinalysis,C0018965
urinary,C0242453
urinate,C0232726
urination,C1384606
urine,C0038990
urodyn,C0242453
urogram,C1313921
urolithiasis,C0242453
urologic,C0242453
urological,C0242453
uropathy,C0242453
urosepsis,C0018965
urticaria,C0085624
urticarial,C0085624
urticarium,C0559546
urtus,C0043144
uui,C0242453
vaginally,C0860096
valsalva,C0020578
valvulopathy,C0231187
variously,C0007398
vas,C0030193
vascularisation,C0241158
vascularity,C0241158
vasculogenic,C1269955
vasomotion,C0149746
vasomotor,C0149746
vasopressor,C0028961
vasoreactivity,C0149746
vasovagal,C0149746
vbac,C0156543
vdt,C0751466
veg,C0847488
veight,C0043094
vellus,C0332573
velocity,C0427008
vemp,C0231530
ventilation,C0700292
ventilationam,C0425488
ventilationcrit,C0425488
ventilatory,C0425488
ventriculogram,C0018800
vestibular,C0042571
vestibulocochlear,C0013362
vew,C0859032
vf,C0232201
vfss,C0013132
viceversa,C0542044
victimisation,C0438696
victimization,C0438696
vif,C0016927
vigor,C0917801
vigorous,C0848168
vili,C0700292
violaceous,C0241157
violent,C0438696
viral,C0016927
virchow,C0221232
virilization,C0019572
virilize,C0019572
virion,C0016927
visco,C0948786
viscoelasticity,C0427008
viscus,C1313921
vision,C0085635
vital,C0578150
vitals,C0240100
vlp,C0016927
vmr,C0020578
volley,C0231530
vom,C0221232
vomit,C0028643
vomitus,C0011991
vord,C0233647
vortexing,C0085631
vound,C0008767
vpr,C0016927
vpu,C0016927
vpx,C0016927
vscc,C0741302
vulvodynium,C0600142
vvbc,C0085702
vveight,C0043094
vwt,C0016927
wad,C0036396
waddle,C0233844
waist,C0205254
wake,C0234450
wakeful,C0041657
walking,C0205254
wall,C0205400
wander,C0234450
warble,C0859032
warm,C0085593
warty,C0332573
wasting,C0239981
watching,C0205254
watery,C0032617
watts,C0554980
waxing,C0541911
waz,C0041667
wbc,C0239981
wbct,C0578150
wc,C0497406
weakness,C0013404
weal,C0033774
weary,C0847488
weep,C0917801
weight,C0497406
weird,C0558261
wernicke,C0347938
wheelchair,C0425251
wheeze,C0037383
wheezer,C0043144
wheezy,C0038450
whiff,C0085624
whiplash,C0036396
whirlpool,C0008301
whisper,C0859032
whoever,C0558261
whooping,C0424749
whz,C0041667
widening,C0264576
wiggins,C0554980
wilkes,C0554980
wills,C0554980
winship,C0024103
withhold,C0424092
wlz,C0041667
wmsd,C0024031
wob,C0020440
woman,C0497406
words,C0233647
worksite,C0205254
worried,C0558261
worsen,C0013404
worsening,C0013404
worthless,C0847488
worthlessness,C0022107
wound,C0241158
wounded,C0241158
wpw,C0520886
wrmd,C0036396
wss,C0427008
xerosis,C0033774
xerostomium,C0085624
xgp,C1313921
yahr,C0233565
yawning,C0872410
yeah,C0558261
yell,C0558261
yellowish,C0443260
yellowness,C0332575
yours,C0558261
youth,C0497406
znonp,C0743482
zosteriform,C0332573
zygapophysial,C0036396
zygomaticus,C0231530
ﬁbrillation,C0039070
ﬁbrin,C0241158
ﬁbrosis,C0743482
ﬁbrotic,C0241158
ﬁctive,C0231530
ﬂaccid,C0234133
ﬂare,C0033774
ﬂares,C0003862
ﬂee,C0859032
ﬂick,C0009024
ﬂushing,C0016382
ﬂutter,C0231530
